﻿<parameters>
  <parameter name="IIS Web Application Name" defaultValue="Speys" tags="IisApp">
    <parameterEntry kind="ProviderPath" scope="IisApp" match="^C:\\dev\\side_projects\\Speys\\backend\\X3Project\\obj\\Release\\Package\\PackageTmp$" />
    <parameterEntry kind="ProviderPath" scope="setAcl" match="^C:\\dev\\side_projects\\Speys\\backend\\X3Project\\obj\\Release\\Package\\PackageTmp$" />
  </parameter>
  <parameter name="DefaultConnection-Web.config Connection String" defaultValue="Data Source=.\SQLEXPRESS;Initial Catalog=speys;Integrated Security=True">
    <parameterEntry kind="XmlFile" scope="C:\\dev\\side_projects\\Speys\\backend\\X3Project\\obj\\Release\\Package\\PackageTmp\\Web\.config$" match="/configuration/connectionStrings/add[@name='DefaultConnection']/@connectionString" />
  </parameter>
  <parameter name="DefaultConnection_DatabasePublish-Web.config Connection String" description="DefaultConnection Connection String used by Entity Framework Code First Model to deploy the database." defaultValue="DefaultConnection_DatabasePublish.ConnetionString">
    <parameterEntry kind="XmlFile" scope="C:\\dev\\side_projects\\Speys\\backend\\X3Project\\obj\\Release\\Package\\PackageTmp\\Web\.config$" match="/configuration/connectionStrings/add[@name='DefaultConnection_DatabasePublish']/@connectionString" />
  </parameter>
</parameters>